<?xml version="1.0" encoding="UTF-8"?>
<office:document-content xmlns:db="urn:oasis:names:tc:opendocument:xmlns:database:1.0" xmlns:css3t="http://www.w3.org/TR/css3-text/" xmlns:grddl="http://www.w3.org/2003/g/data-view#" xmlns:xhtml="http://www.w3.org/1999/xhtml" xmlns:xsi="http://www.w3.org/2001/XMLSchema-instance" xmlns:xsd="http://www.w3.org/2001/XMLSchema" xmlns:xforms="http://www.w3.org/2002/xforms" xmlns:dom="http://www.w3.org/2001/xml-events" xmlns:script="urn:oasis:names:tc:opendocument:xmlns:script:1.0" xmlns:form="urn:oasis:names:tc:opendocument:xmlns:form:1.0" xmlns:math="http://www.w3.org/1998/Math/MathML" xmlns:number="urn:oasis:names:tc:opendocument:xmlns:datastyle:1.0" xmlns:field="urn:openoffice:names:experimental:ooo-ms-interop:xmlns:field:1.0" xmlns:meta="urn:oasis:names:tc:opendocument:xmlns:meta:1.0" xmlns:loext="urn:org:documentfoundation:names:experimental:office:xmlns:loext:1.0" xmlns:table="urn:oasis:names:tc:opendocument:xmlns:table:1.0" xmlns:chart="urn:oasis:names:tc:opendocument:xmlns:chart:1.0" xmlns:formx="urn:openoffice:names:experimental:ooxml-odf-interop:xmlns:form:1.0" xmlns:svg="urn:oasis:names:tc:opendocument:xmlns:svg-compatible:1.0" xmlns:rpt="http://openoffice.org/2005/report" xmlns:dr3d="urn:oasis:names:tc:opendocument:xmlns:dr3d:1.0" xmlns:tableooo="http://openoffice.org/2009/table" xmlns:draw="urn:oasis:names:tc:opendocument:xmlns:drawing:1.0" xmlns:of="urn:oasis:names:tc:opendocument:xmlns:of:1.2" xmlns:text="urn:oasis:names:tc:opendocument:xmlns:text:1.0" xmlns:style="urn:oasis:names:tc:opendocument:xmlns:style:1.0" xmlns:dc="http://purl.org/dc/elements/1.1/" xmlns:calcext="urn:org:documentfoundation:names:experimental:calc:xmlns:calcext:1.0" xmlns:oooc="http://openoffice.org/2004/calc" xmlns:xlink="http://www.w3.org/1999/xlink" xmlns:drawooo="http://openoffice.org/2010/draw" xmlns:ooow="http://openoffice.org/2004/writer" xmlns:fo="urn:oasis:names:tc:opendocument:xmlns:xsl-fo-compatible:1.0" xmlns:ooo="http://openoffice.org/2004/office" xmlns:office="urn:oasis:names:tc:opendocument:xmlns:office:1.0" office:version="1.4"><office:scripts/><office:font-face-decls><style:font-face style:name=".AppleSystemUIFont" svg:font-family=".AppleSystemUIFont" style:font-family-generic="swiss"/></office:font-face-decls><office:automatic-styles><style:style style:name="co1" style:family="table-column" style:data-style-name="N10000"/><style:style style:name="co2" style:family="table-column" style:data-style-name="N10100"/><style:style style:name="co3" style:family="table-column" style:data-style-name="N0"/><style:style style:name="co4" style:family="table-column" style:data-style-name="N10037"/><style:style style:name="co5" style:family="table-column"/><style:style style:name="ce1" style:family="table-cell"><style:paragraph-properties fo:text-align="start"/><style:text-properties style:font-name=".AppleSystemUIFont" fo:color="#000000" style:font-family-generic="swiss" fo:font-size="0.08cm" style:letter-kerning="true" fo:font-style="normal" fo:font-weight="normal"/></style:style><number:number-style style:name="N0"><number:number number:min-integer-digits="1"/></number:number-style><number:number-style style:name="N10000" number:language="es" number:country="CO"><number:number number:min-integer-digits="1"/></number:number-style><number:date-style style:name="N10037" number:language="es" number:country="CO" number:automatic-order="true"><number:day number:style="long"/><number:text>/</number:text><number:month number:style="long"/><number:text>/</number:text><number:year/></number:date-style><number:text-style style:name="N10100" number:language="es" number:country="CO"><number:text-content/></number:text-style></office:automatic-styles><office:body><office:database><db:data-source><db:connection-data><db:connection-resource xlink:href="sdbc:embedded:hsqldb" xlink:type="simple"/><db:login db:is-password-required="false"/></db:connection-data><db:driver-settings db:system-driver-settings="" db:base-dn="" db:parameter-name-substitution="false"/><db:application-connection-settings db:is-table-name-length-limited="false" db:append-table-alias-name="false" db:max-row-count="100"><db:table-filter><db:table-include-filter><db:table-filter-pattern>%</db:table-filter-pattern></db:table-include-filter></db:table-filter></db:application-connection-settings></db:data-source><db:forms><db:component db:name="Consejo1" xlink:href="forms/Obj13" xlink:type="simple" db:as-template="false"/><db:component db:name="Consejos2" xlink:href="forms/Obj32" xlink:type="simple" db:as-template="false"/><db:component db:name="Resoluciones" xlink:href="forms/Obj23" xlink:type="simple" db:as-template="false"/></db:forms><db:table-representations><db:table-representation db:name="Consejo1"><db:columns><db:column db:name="id" db:style-name="co1" db:default-cell-style-name="ce1"/><db:column db:name="Nombre" db:style-name="co2" db:default-cell-style-name="ce1"/></db:columns></db:table-representation><db:table-representation db:name="Consejos2"><db:columns><db:column db:name="id" db:style-name="co1" db:default-cell-style-name="ce1"/><db:column db:name="Nombre" db:style-name="co2" db:default-cell-style-name="ce1"/><db:column db:name="NIT" db:style-name="co2" db:default-cell-style-name="ce1"/><db:column db:name="Shape" db:style-name="co3" db:default-cell-style-name="ce1"/><db:column db:name="Corto" db:style-name="co3" db:default-cell-style-name="ce1"/><db:column db:name="Representante" db:style-name="co3" db:default-cell-style-name="ce1"/><db:column db:name="Contacto" db:style-name="co3" db:default-cell-style-name="ce1"/><db:column db:name="Departamento" db:style-name="co3" db:default-cell-style-name="ce1"/><db:column db:name="Municipio" db:style-name="co3" db:default-cell-style-name="ce1"/><db:column db:name="Id_Consejos1" db:style-name="co1" db:default-cell-style-name="ce1"/><db:column db:name="Correo" db:style-name="co3" db:default-cell-style-name="ce1"/></db:columns></db:table-representation><db:table-representation db:name="Resoluciones"><db:columns><db:column db:name="Id" db:style-name="co1" db:default-cell-style-name="ce1"/><db:column db:name="Resolucion" db:style-name="co2" db:default-cell-style-name="ce1"/><db:column db:name="Fecha" db:style-name="co4" db:default-cell-style-name="ce1"/><db:column db:name="Plano" db:style-name="co5" db:default-cell-style-name="ce1"/></db:columns></db:table-representation></db:table-representations></office:database></office:body></office:document-content>